Id,Name,Year,Type
1,Device 0,2004,Type 19
2,Device 1,1987,Type 2
3,Device 2,1982,Type 11
4,Device 3,1995,Type 5
5,Device 4,1995,Type 8
6,Device 5,2002,Type 15
7,Device 6,1996,Type 18
8,Device 7,1981,Type 13
9,Device 8,2006,Type 10
10,Device 9,1990,Type 18
11,Device 10,2005,Type 15
12,Device 11,2003,Type 10
13,Device 12,2002,Type 7
14,Device 13,2001,Type 14
15,Device 14,1991,Type 8
16,Device 15,1980,Type 7
17,Device 16,2018,Type 8
18,Device 17,1987,Type 8
19,Device 18,1981,Type 18
20,Device 19,2018,Type 17
21,Device 20,1990,Type 17
22,Device 21,2008,Type 6
23,Device 22,2011,Type 18
24,Device 23,1983,Type 3
25,Device 24,2016,Type 7
26,Device 25,2014,Type 5
27,Device 26,1988,Type 17
28,Device 27,1992,Type 6
29,Device 28,1998,Type 2
30,Device 29,1985,Type 19
31,Device 30,1996,Type 11
32,Device 31,1986,Type 9
33,Device 32,2005,Type 10
34,Device 33,1984,Type 19
35,Device 34,2015,Type 7
36,Device 35,2016,Type 3
37,Device 36,2011,Type 14
38,Device 37,2009,Type 7
39,Device 38,1982,Type 6
40,Device 39,2008,Type 18
41,Device 40,1993,Type 5
42,Device 41,1984,Type 3
43,Device 42,2007,Type 9
44,Device 43,2018,Type 14
45,Device 44,2001,Type 2
46,Device 45,1993,Type 18
47,Device 46,1998,Type 11
48,Device 47,2012,Type 14
49,Device 48,1987,Type 10
50,Device 49,2006,Type 4
51,Device 50,2006,Type 15
52,Device 51,1988,Type 2
53,Device 52,2011,Type 12
54,Device 53,1996,Type 4
55,Device 54,2016,Type 17
56,Device 55,2007,Type 18
57,Device 56,2016,Type 5
58,Device 57,2010,Type 12
59,Device 58,2015,Type 4
60,Device 59,1989,Type 14
61,Device 60,1983,Type 14
62,Device 61,1993,Type 4
63,Device 62,2010,Type 18
64,Device 63,1983,Type 11
65,Device 64,1996,Type 7
66,Device 65,1989,Type 14
67,Device 66,2005,Type 18
68,Device 67,1984,Type 16
69,Device 68,1987,Type 1
70,Device 69,1981,Type 16
71,Device 70,2014,Type 16
72,Device 71,2004,Type 4
73,Device 72,2008,Type 19
74,Device 73,1986,Type 17
75,Device 74,2001,Type 19
76,Device 75,2006,Type 13
77,Device 76,1996,Type 6
78,Device 77,1995,Type 17
79,Device 78,2000,Type 1
80,Device 79,2004,Type 15
81,Device 80,1980,Type 1
82,Device 81,2015,Type 14
83,Device 82,1980,Type 19
84,Device 83,1991,Type 16
85,Device 84,1994,Type 9
86,Device 85,1996,Type 3
87,Device 86,1996,Type 3
88,Device 87,1997,Type 7
89,Device 88,1980,Type 17
90,Device 89,1984,Type 4
91,Device 90,1989,Type 8
92,Device 91,1984,Type 2
93,Device 92,2007,Type 19
94,Device 93,2007,Type 13
95,Device 94,1987,Type 2
96,Device 95,1980,Type 9
97,Device 96,1988,Type 18
98,Device 97,1996,Type 10
99,Device 98,1999,Type 8
100,Device 99,2016,Type 12
101,Device 100,1992,Type 4
102,Device 101,1982,Type 15
103,Device 102,2010,Type 2
104,Device 103,1996,Type 12
105,Device 104,1984,Type 6
106,Device 105,2013,Type 12
107,Device 106,2004,Type 8
108,Device 107,2013,Type 4
109,Device 108,2007,Type 6
110,Device 109,2012,Type 7
111,Device 110,2013,Type 18
112,Device 111,1983,Type 3
113,Device 112,1996,Type 1
114,Device 113,2017,Type 8
115,Device 114,1988,Type 10
116,Device 115,2017,Type 9
117,Device 116,1989,Type 15
118,Device 117,2010,Type 14
119,Device 118,1985,Type 4
120,Device 119,1980,Type 18
121,Device 120,1983,Type 6
122,Device 121,2004,Type 11
123,Device 122,1993,Type 8
124,Device 123,1989,Type 14
125,Device 124,1987,Type 17
126,Device 125,2015,Type 6
127,Device 126,2009,Type 3
128,Device 127,2009,Type 4
129,Device 128,2002,Type 19
130,Device 129,1994,Type 2
131,Device 130,2011,Type 4
132,Device 131,1992,Type 3
133,Device 132,1996,Type 13
134,Device 133,1999,Type 17
135,Device 134,2008,Type 4
136,Device 135,2013,Type 13
137,Device 136,2005,Type 2
138,Device 137,1999,Type 10
139,Device 138,1996,Type 8
140,Device 139,1983,Type 12
141,Device 140,1993,Type 18
142,Device 141,2009,Type 13
143,Device 142,1988,Type 11
144,Device 143,2018,Type 3
145,Device 144,2017,Type 18
146,Device 145,1994,Type 16
147,Device 146,2018,Type 16
148,Device 147,1984,Type 9
149,Device 148,1981,Type 7
150,Device 149,1984,Type 15
151,Device 150,2010,Type 5
152,Device 151,1995,Type 19
153,Device 152,2009,Type 2
154,Device 153,2002,Type 2
155,Device 154,2016,Type 2
156,Device 155,2013,Type 18
157,Device 156,2002,Type 4
158,Device 157,1986,Type 2
159,Device 158,1984,Type 7
160,Device 159,2009,Type 3
161,Device 160,1986,Type 19
162,Device 161,2010,Type 1
163,Device 162,1990,Type 6
164,Device 163,1997,Type 8
165,Device 164,1999,Type 8
166,Device 165,1992,Type 2
167,Device 166,2003,Type 19
168,Device 167,1980,Type 10
169,Device 168,2015,Type 15
170,Device 169,2010,Type 19
171,Device 170,1984,Type 17
172,Device 171,2004,Type 9
173,Device 172,2005,Type 6
174,Device 173,2001,Type 4
175,Device 174,1983,Type 9
176,Device 175,1998,Type 4
177,Device 176,2017,Type 6
178,Device 177,2013,Type 1
179,Device 178,2018,Type 2
180,Device 179,2016,Type 3
181,Device 180,2002,Type 11
182,Device 181,1993,Type 19
183,Device 182,1996,Type 4
184,Device 183,1987,Type 18
185,Device 184,1992,Type 6
186,Device 185,1989,Type 11
187,Device 186,1987,Type 8
188,Device 187,2013,Type 3
189,Device 188,1986,Type 16
190,Device 189,2016,Type 11
191,Device 190,1986,Type 7
192,Device 191,1984,Type 18
193,Device 192,1997,Type 12
194,Device 193,2009,Type 17
195,Device 194,2010,Type 10
196,Device 195,1999,Type 12
197,Device 196,1985,Type 16
198,Device 197,1986,Type 19
199,Device 198,2007,Type 3
200,Device 199,1989,Type 18
201,Device 200,1997,Type 13
202,Device 201,2015,Type 10
203,Device 202,2015,Type 15
204,Device 203,1981,Type 2
205,Device 204,1984,Type 19
206,Device 205,1990,Type 5
207,Device 206,2000,Type 5
208,Device 207,1995,Type 7
209,Device 208,1993,Type 19
210,Device 209,1991,Type 14
211,Device 210,1995,Type 13
212,Device 211,2015,Type 5
213,Device 212,1993,Type 11
214,Device 213,1991,Type 8
215,Device 214,2005,Type 10
216,Device 215,2014,Type 3
217,Device 216,1995,Type 14
218,Device 217,2015,Type 6
219,Device 218,1987,Type 14
220,Device 219,1982,Type 7
221,Device 220,1982,Type 1
222,Device 221,2006,Type 11
223,Device 222,2014,Type 16
224,Device 223,2005,Type 17
225,Device 224,1985,Type 5
226,Device 225,2002,Type 5
227,Device 226,1980,Type 13
228,Device 227,2014,Type 1
229,Device 228,1984,Type 4
230,Device 229,2007,Type 10
231,Device 230,1991,Type 11
232,Device 231,2008,Type 3
233,Device 232,2016,Type 16
234,Device 233,1988,Type 8
235,Device 234,1995,Type 19
236,Device 235,1997,Type 10
237,Device 236,2010,Type 5
238,Device 237,2005,Type 5
239,Device 238,2011,Type 19
240,Device 239,1986,Type 3
241,Device 240,1986,Type 7
242,Device 241,1980,Type 1
243,Device 242,2004,Type 4
244,Device 243,1981,Type 9
245,Device 244,2004,Type 18
246,Device 245,1996,Type 4
247,Device 246,1980,Type 18
248,Device 247,2010,Type 11
249,Device 248,1998,Type 18
250,Device 249,1990,Type 14
251,Device 250,1999,Type 5
252,Device 251,2018,Type 14
253,Device 252,2008,Type 14
254,Device 253,2014,Type 7
255,Device 254,2009,Type 17
256,Device 255,2017,Type 12
257,Device 256,1981,Type 19
258,Device 257,1994,Type 6
259,Device 258,2004,Type 16
260,Device 259,1995,Type 17
261,Device 260,2017,Type 8
262,Device 261,2014,Type 10
263,Device 262,1982,Type 7
264,Device 263,1985,Type 9
265,Device 264,2014,Type 12
266,Device 265,1988,Type 16
267,Device 266,2016,Type 1
268,Device 267,2011,Type 10
269,Device 268,1986,Type 3
270,Device 269,1998,Type 18
271,Device 270,1984,Type 8
272,Device 271,2003,Type 18
273,Device 272,1986,Type 5
274,Device 273,2000,Type 2
275,Device 274,1998,Type 10
276,Device 275,2001,Type 15
277,Device 276,1983,Type 19
278,Device 277,1999,Type 11
279,Device 278,1992,Type 5
280,Device 279,2006,Type 14
281,Device 280,2001,Type 4
282,Device 281,2010,Type 11
283,Device 282,1981,Type 17
284,Device 283,2003,Type 3
285,Device 284,2004,Type 18
286,Device 285,1997,Type 19
287,Device 286,1985,Type 5
288,Device 287,2011,Type 10
289,Device 288,1980,Type 10
290,Device 289,2018,Type 16
291,Device 290,2004,Type 2
292,Device 291,2014,Type 6
293,Device 292,2008,Type 13
294,Device 293,2008,Type 6
295,Device 294,2001,Type 6
296,Device 295,2007,Type 13
297,Device 296,2005,Type 10
298,Device 297,1982,Type 3
299,Device 298,2011,Type 4
300,Device 299,1989,Type 18
301,Device 300,2018,Type 4
302,Device 301,2015,Type 12
303,Device 302,1988,Type 6
304,Device 303,1997,Type 15
305,Device 304,1981,Type 7
306,Device 305,2002,Type 6
307,Device 306,2017,Type 14
308,Device 307,2004,Type 12
309,Device 308,1992,Type 6
310,Device 309,2005,Type 6
311,Device 310,2006,Type 1
312,Device 311,2012,Type 13
313,Device 312,1991,Type 19
314,Device 313,1987,Type 12
315,Device 314,1997,Type 12
316,Device 315,1997,Type 11
317,Device 316,1990,Type 8
318,Device 317,1985,Type 2
319,Device 318,1994,Type 17
320,Device 319,2006,Type 16
321,Device 320,1990,Type 13
322,Device 321,2014,Type 17
323,Device 322,1992,Type 3
324,Device 323,1996,Type 1
325,Device 324,1996,Type 6
326,Device 325,2005,Type 6
327,Device 326,1995,Type 5
328,Device 327,2011,Type 13
329,Device 328,1997,Type 13
330,Device 329,1998,Type 11
331,Device 330,1986,Type 6
332,Device 331,2011,Type 12
333,Device 332,2008,Type 17
334,Device 333,2013,Type 19
335,Device 334,1981,Type 11
336,Device 335,2003,Type 16
337,Device 336,1994,Type 11
338,Device 337,1996,Type 9
339,Device 338,2016,Type 13
340,Device 339,2011,Type 18
341,Device 340,2012,Type 9
342,Device 341,2008,Type 2
343,Device 342,2003,Type 12
344,Device 343,2012,Type 16
345,Device 344,1981,Type 11
346,Device 345,1982,Type 15
347,Device 346,1981,Type 18
348,Device 347,1990,Type 18
349,Device 348,2015,Type 14
350,Device 349,2016,Type 17
351,Device 350,1991,Type 12
352,Device 351,1994,Type 11
353,Device 352,2018,Type 18
354,Device 353,1994,Type 3
355,Device 354,1995,Type 18
356,Device 355,2001,Type 1
357,Device 356,1993,Type 19
358,Device 357,1998,Type 15
359,Device 358,1993,Type 5
360,Device 359,1993,Type 14
361,Device 360,1988,Type 2
362,Device 361,1998,Type 16
363,Device 362,2010,Type 1
364,Device 363,1980,Type 9
365,Device 364,2002,Type 14
366,Device 365,2010,Type 16
367,Device 366,1997,Type 4
368,Device 367,1992,Type 5
369,Device 368,2009,Type 1
370,Device 369,1981,Type 3
371,Device 370,2005,Type 8
372,Device 371,1992,Type 9
373,Device 372,1995,Type 6
374,Device 373,2000,Type 16
375,Device 374,1998,Type 19
376,Device 375,1994,Type 2
377,Device 376,2000,Type 17
378,Device 377,2012,Type 12
379,Device 378,2010,Type 7
380,Device 379,1987,Type 10
381,Device 380,1980,Type 15
382,Device 381,2001,Type 13
383,Device 382,1995,Type 4
384,Device 383,1994,Type 8
385,Device 384,2004,Type 5
386,Device 385,2018,Type 4
387,Device 386,1994,Type 18
388,Device 387,1989,Type 13
389,Device 388,1993,Type 4
390,Device 389,2010,Type 2
391,Device 390,2010,Type 6
392,Device 391,1994,Type 17
393,Device 392,1984,Type 13
394,Device 393,2011,Type 8
395,Device 394,1994,Type 9
396,Device 395,2013,Type 11
397,Device 396,1980,Type 17
398,Device 397,1988,Type 17
399,Device 398,2017,Type 15
400,Device 399,1998,Type 19
401,Device 400,2002,Type 14
402,Device 401,2014,Type 8
403,Device 402,1993,Type 16
404,Device 403,1988,Type 19
405,Device 404,1984,Type 10
406,Device 405,1985,Type 8
407,Device 406,2009,Type 10
408,Device 407,2006,Type 18
409,Device 408,2017,Type 11
410,Device 409,1982,Type 6
411,Device 410,1982,Type 3
412,Device 411,1980,Type 18
413,Device 412,1994,Type 13
414,Device 413,2005,Type 5
415,Device 414,1994,Type 6
416,Device 415,2007,Type 17
417,Device 416,2014,Type 12
418,Device 417,1999,Type 3
419,Device 418,2013,Type 18
420,Device 419,2004,Type 16
421,Device 420,2017,Type 4
422,Device 421,2011,Type 9
423,Device 422,2010,Type 2
424,Device 423,2005,Type 3
425,Device 424,2017,Type 15
426,Device 425,1992,Type 13
427,Device 426,2003,Type 3
428,Device 427,2007,Type 3
429,Device 428,1996,Type 16
430,Device 429,1986,Type 2
431,Device 430,1993,Type 2
432,Device 431,2003,Type 18
433,Device 432,2000,Type 19
434,Device 433,2001,Type 8
435,Device 434,2009,Type 13
436,Device 435,1989,Type 15
437,Device 436,2011,Type 17
438,Device 437,1985,Type 19
439,Device 438,1983,Type 7
440,Device 439,2003,Type 2
441,Device 440,2013,Type 8
442,Device 441,1996,Type 3
443,Device 442,1988,Type 16
444,Device 443,2016,Type 19
445,Device 444,1996,Type 12
446,Device 445,1994,Type 8
447,Device 446,1982,Type 3
448,Device 447,1996,Type 13
449,Device 448,1990,Type 3
450,Device 449,1994,Type 16
451,Device 450,1998,Type 15
452,Device 451,1985,Type 18
453,Device 452,1989,Type 2
454,Device 453,1988,Type 3
455,Device 454,2002,Type 12
456,Device 455,2010,Type 10
457,Device 456,1991,Type 7
458,Device 457,2009,Type 10
459,Device 458,1983,Type 12
460,Device 459,1991,Type 3
461,Device 460,2009,Type 7
462,Device 461,1985,Type 5
463,Device 462,2011,Type 4
464,Device 463,1983,Type 19
465,Device 464,1980,Type 5
466,Device 465,1993,Type 17
467,Device 466,2001,Type 4
468,Device 467,2002,Type 3
469,Device 468,2013,Type 4
470,Device 469,1980,Type 14
471,Device 470,1996,Type 10
472,Device 471,1996,Type 1
473,Device 472,2008,Type 1
474,Device 473,1989,Type 5
475,Device 474,2016,Type 18
476,Device 475,1985,Type 4
477,Device 476,2014,Type 5
478,Device 477,1999,Type 18
479,Device 478,1984,Type 10
480,Device 479,1989,Type 10
481,Device 480,1999,Type 7
482,Device 481,1999,Type 13
483,Device 482,2017,Type 18
484,Device 483,2008,Type 18
485,Device 484,2006,Type 12
486,Device 485,2006,Type 14
487,Device 486,1982,Type 10
488,Device 487,2001,Type 2
489,Device 488,2017,Type 16
490,Device 489,2014,Type 4
491,Device 490,1993,Type 13
492,Device 491,2006,Type 2
493,Device 492,2010,Type 7
494,Device 493,1993,Type 3
495,Device 494,1998,Type 6
496,Device 495,2013,Type 16
497,Device 496,1985,Type 8
498,Device 497,2014,Type 19
499,Device 498,1982,Type 16
500,Device 499,1984,Type 1
501,Device 500,1995,Type 7
502,Device 501,2004,Type 14
503,Device 502,1992,Type 19
504,Device 503,1982,Type 7
505,Device 504,1991,Type 5
506,Device 505,2002,Type 2
507,Device 506,1998,Type 6
508,Device 507,1997,Type 14
509,Device 508,1989,Type 12
510,Device 509,2004,Type 9
511,Device 510,1991,Type 8
512,Device 511,1997,Type 9
513,Device 512,1986,Type 18
514,Device 513,2004,Type 17
515,Device 514,2006,Type 18
516,Device 515,2002,Type 9
517,Device 516,1996,Type 2
518,Device 517,2007,Type 19
519,Device 518,2008,Type 6
520,Device 519,2012,Type 3
521,Device 520,1982,Type 15
522,Device 521,1984,Type 9
523,Device 522,1997,Type 14
524,Device 523,1983,Type 10
525,Device 524,1980,Type 12
526,Device 525,1988,Type 5
527,Device 526,1987,Type 18
528,Device 527,2017,Type 5
529,Device 528,1996,Type 4
530,Device 529,1986,Type 16
531,Device 530,1998,Type 16
532,Device 531,2010,Type 14
533,Device 532,1995,Type 10
534,Device 533,1993,Type 9
535,Device 534,2009,Type 12
536,Device 535,1984,Type 18
537,Device 536,2015,Type 15
538,Device 537,1992,Type 6
539,Device 538,2002,Type 10
540,Device 539,1993,Type 6
541,Device 540,2001,Type 19
542,Device 541,1994,Type 3
543,Device 542,1988,Type 19
544,Device 543,1992,Type 8
545,Device 544,2009,Type 13
546,Device 545,1994,Type 17
547,Device 546,2011,Type 3
548,Device 547,1981,Type 2
549,Device 548,2002,Type 8
550,Device 549,2017,Type 7
551,Device 550,1985,Type 3
552,Device 551,2000,Type 13
553,Device 552,1991,Type 1
554,Device 553,2005,Type 7
555,Device 554,1984,Type 13
556,Device 555,2002,Type 8
557,Device 556,2015,Type 7
558,Device 557,2015,Type 14
559,Device 558,2007,Type 13
560,Device 559,2015,Type 10
561,Device 560,1984,Type 1
562,Device 561,1989,Type 12
563,Device 562,1999,Type 4
564,Device 563,2002,Type 18
565,Device 564,2016,Type 14
566,Device 565,2001,Type 8
567,Device 566,1980,Type 8
568,Device 567,2008,Type 17
569,Device 568,2006,Type 9
570,Device 569,2013,Type 17
571,Device 570,1985,Type 19
572,Device 571,2004,Type 5
573,Device 572,2003,Type 14
574,Device 573,1993,Type 5
575,Device 574,1995,Type 5
576,Device 575,2012,Type 18
577,Device 576,2005,Type 19
578,Device 577,1996,Type 2
579,Device 578,1986,Type 9
580,Device 579,2002,Type 11
581,Device 580,2007,Type 10
582,Device 581,1984,Type 7
583,Device 582,2002,Type 11
584,Device 583,2014,Type 4
585,Device 584,2011,Type 5
586,Device 585,1983,Type 11
587,Device 586,1988,Type 18
588,Device 587,1991,Type 6
589,Device 588,1993,Type 7
590,Device 589,1992,Type 7
591,Device 590,1996,Type 11
592,Device 591,2004,Type 9
593,Device 592,2002,Type 18
594,Device 593,1980,Type 17
595,Device 594,1999,Type 10
596,Device 595,1991,Type 14
597,Device 596,2003,Type 10
598,Device 597,1991,Type 7
599,Device 598,1985,Type 16
600,Device 599,1985,Type 12
601,Device 600,2015,Type 14
602,Device 601,2000,Type 18
603,Device 602,1998,Type 4
604,Device 603,2012,Type 1
605,Device 604,1999,Type 15
606,Device 605,2011,Type 9
607,Device 606,1986,Type 3
608,Device 607,1990,Type 8
609,Device 608,1987,Type 7
610,Device 609,1983,Type 1
611,Device 610,2016,Type 1
612,Device 611,1980,Type 3
613,Device 612,1997,Type 8
614,Device 613,2008,Type 19
615,Device 614,1992,Type 7
616,Device 615,1994,Type 14
617,Device 616,2018,Type 13
618,Device 617,1980,Type 11
619,Device 618,1988,Type 3
620,Device 619,2013,Type 7
621,Device 620,1996,Type 3
622,Device 621,2015,Type 11
623,Device 622,2010,Type 14
624,Device 623,2007,Type 18
625,Device 624,1985,Type 4
626,Device 625,1989,Type 4
627,Device 626,1998,Type 19
628,Device 627,1983,Type 2
629,Device 628,2002,Type 14
630,Device 629,1989,Type 1
631,Device 630,1996,Type 12
632,Device 631,1996,Type 17
633,Device 632,1987,Type 3
634,Device 633,2007,Type 8
635,Device 634,2014,Type 7
636,Device 635,1998,Type 6
637,Device 636,1999,Type 2
638,Device 637,1988,Type 3
639,Device 638,2001,Type 13
640,Device 639,2014,Type 17
641,Device 640,2008,Type 2
642,Device 641,2017,Type 1
643,Device 642,2005,Type 12
644,Device 643,1992,Type 15
645,Device 644,1993,Type 2
646,Device 645,1998,Type 12
647,Device 646,1989,Type 9
648,Device 647,1991,Type 7
649,Device 648,2005,Type 10
650,Device 649,1987,Type 8
651,Device 650,2017,Type 14
652,Device 651,2007,Type 15
653,Device 652,1988,Type 13
654,Device 653,1998,Type 12
655,Device 654,1995,Type 13
656,Device 655,1992,Type 11
657,Device 656,1989,Type 3
658,Device 657,2001,Type 7
659,Device 658,2007,Type 2
660,Device 659,1983,Type 16
661,Device 660,1988,Type 16
662,Device 661,1995,Type 16
663,Device 662,1996,Type 3
664,Device 663,2018,Type 19
665,Device 664,1981,Type 18
666,Device 665,1991,Type 1
667,Device 666,1987,Type 18
668,Device 667,2009,Type 16
669,Device 668,2009,Type 3
670,Device 669,2012,Type 16
671,Device 670,1998,Type 13
672,Device 671,1995,Type 12
673,Device 672,2011,Type 13
674,Device 673,2012,Type 13
675,Device 674,2000,Type 8
676,Device 675,2018,Type 2
677,Device 676,2018,Type 11
678,Device 677,1994,Type 3
679,Device 678,2006,Type 3
680,Device 679,2008,Type 7
681,Device 680,2010,Type 16
682,Device 681,1990,Type 13
683,Device 682,1997,Type 12
684,Device 683,1992,Type 10
685,Device 684,1996,Type 3
686,Device 685,1983,Type 4
687,Device 686,2005,Type 11
688,Device 687,2013,Type 16
689,Device 688,2013,Type 14
690,Device 689,2001,Type 6
691,Device 690,1991,Type 13
692,Device 691,2016,Type 5
693,Device 692,2009,Type 2
694,Device 693,2000,Type 17
695,Device 694,2000,Type 2
696,Device 695,1989,Type 4
697,Device 696,1988,Type 3
698,Device 697,2015,Type 7
699,Device 698,2008,Type 9
700,Device 699,2004,Type 11
701,Device 700,2017,Type 17
702,Device 701,1986,Type 6
703,Device 702,2011,Type 16
704,Device 703,2005,Type 9
705,Device 704,1983,Type 10
706,Device 705,1983,Type 9
707,Device 706,2002,Type 5
708,Device 707,1985,Type 14
709,Device 708,1992,Type 14
710,Device 709,2004,Type 10
711,Device 710,1990,Type 1
712,Device 711,1985,Type 10
713,Device 712,1990,Type 7
714,Device 713,2012,Type 4
715,Device 714,1987,Type 13
716,Device 715,2007,Type 12
717,Device 716,2006,Type 9
718,Device 717,1998,Type 18
719,Device 718,1988,Type 16
720,Device 719,1980,Type 10
721,Device 720,2011,Type 14
722,Device 721,1988,Type 16
723,Device 722,1999,Type 2
724,Device 723,2009,Type 5
725,Device 724,2008,Type 13
726,Device 725,1994,Type 10
727,Device 726,2008,Type 10
728,Device 727,1987,Type 2
729,Device 728,1994,Type 3
730,Device 729,1983,Type 2
731,Device 730,1997,Type 7
732,Device 731,2009,Type 12
733,Device 732,2004,Type 17
734,Device 733,2014,Type 11
735,Device 734,1980,Type 19
736,Device 735,2004,Type 12
737,Device 736,1988,Type 19
738,Device 737,2002,Type 9
739,Device 738,1993,Type 10
740,Device 739,1998,Type 9
741,Device 740,1995,Type 15
742,Device 741,2015,Type 9
743,Device 742,1997,Type 3
744,Device 743,1992,Type 13
745,Device 744,2002,Type 8
746,Device 745,1998,Type 4
747,Device 746,1980,Type 16
748,Device 747,1986,Type 11
749,Device 748,1990,Type 4
750,Device 749,2017,Type 9
751,Device 750,1996,Type 19
752,Device 751,2012,Type 5
753,Device 752,2003,Type 9
754,Device 753,2009,Type 9
755,Device 754,2014,Type 19
756,Device 755,1987,Type 13
757,Device 756,1999,Type 11
758,Device 757,2010,Type 1
759,Device 758,2008,Type 19
760,Device 759,2015,Type 3
761,Device 760,1985,Type 14
762,Device 761,1992,Type 10
763,Device 762,1984,Type 2
764,Device 763,2010,Type 9
765,Device 764,1990,Type 16
766,Device 765,1993,Type 4
767,Device 766,1995,Type 7
768,Device 767,1988,Type 4
769,Device 768,2015,Type 16
770,Device 769,1996,Type 18
771,Device 770,2002,Type 2
772,Device 771,2013,Type 8
773,Device 772,2008,Type 11
774,Device 773,2002,Type 13
775,Device 774,2002,Type 4
776,Device 775,1995,Type 15
777,Device 776,1982,Type 5
778,Device 777,1998,Type 8
779,Device 778,1983,Type 13
780,Device 779,1996,Type 3
781,Device 780,2017,Type 7
782,Device 781,2000,Type 18
783,Device 782,1981,Type 16
784,Device 783,1995,Type 10
785,Device 784,2018,Type 6
786,Device 785,1987,Type 12
787,Device 786,2002,Type 19
788,Device 787,1997,Type 5
789,Device 788,1985,Type 9
790,Device 789,2010,Type 9
791,Device 790,2003,Type 3
792,Device 791,2010,Type 5
793,Device 792,1994,Type 12
794,Device 793,2003,Type 2
795,Device 794,2014,Type 12
796,Device 795,1992,Type 12
797,Device 796,1980,Type 3
798,Device 797,2011,Type 18
799,Device 798,1999,Type 16
800,Device 799,2014,Type 17
801,Device 800,1983,Type 9
802,Device 801,2015,Type 9
803,Device 802,1993,Type 6
804,Device 803,1985,Type 10
805,Device 804,1999,Type 18
806,Device 805,2013,Type 16
807,Device 806,2010,Type 2
808,Device 807,2003,Type 13
809,Device 808,2000,Type 9
810,Device 809,2009,Type 4
811,Device 810,2003,Type 8
812,Device 811,1981,Type 13
813,Device 812,2003,Type 8
814,Device 813,1985,Type 10
815,Device 814,1994,Type 8
816,Device 815,2006,Type 10
817,Device 816,1983,Type 2
818,Device 817,2006,Type 6
819,Device 818,2001,Type 11
820,Device 819,2006,Type 19
821,Device 820,2003,Type 15
822,Device 821,1982,Type 1
823,Device 822,1995,Type 12
824,Device 823,2005,Type 13
825,Device 824,2007,Type 2
826,Device 825,2002,Type 10
827,Device 826,2014,Type 19
828,Device 827,1980,Type 3
829,Device 828,1985,Type 1
830,Device 829,2010,Type 18
831,Device 830,1988,Type 15
832,Device 831,1994,Type 12
833,Device 832,2008,Type 6
834,Device 833,2000,Type 12
835,Device 834,1980,Type 7
836,Device 835,2002,Type 1
837,Device 836,2018,Type 13
838,Device 837,1988,Type 17
839,Device 838,2016,Type 1
840,Device 839,1982,Type 5
841,Device 840,2000,Type 5
842,Device 841,2001,Type 17
843,Device 842,2016,Type 17
844,Device 843,2004,Type 13
845,Device 844,1986,Type 2
846,Device 845,2012,Type 16
847,Device 846,2006,Type 17
848,Device 847,1991,Type 16
849,Device 848,2003,Type 19
850,Device 849,1994,Type 8
851,Device 850,2005,Type 18
852,Device 851,1983,Type 2
853,Device 852,1996,Type 15
854,Device 853,2007,Type 6
855,Device 854,1983,Type 18
856,Device 855,1984,Type 16
857,Device 856,2017,Type 4
858,Device 857,2010,Type 17
859,Device 858,1992,Type 5
860,Device 859,1998,Type 13
861,Device 860,1983,Type 12
862,Device 861,1982,Type 13
863,Device 862,2000,Type 4
864,Device 863,2007,Type 12
865,Device 864,2006,Type 18
866,Device 865,2006,Type 2
867,Device 866,2011,Type 8
868,Device 867,2015,Type 8
869,Device 868,2007,Type 4
870,Device 869,1985,Type 7
871,Device 870,2001,Type 16
872,Device 871,2010,Type 6
873,Device 872,2010,Type 3
874,Device 873,2005,Type 18
875,Device 874,1987,Type 9
876,Device 875,1994,Type 10
877,Device 876,1993,Type 17
878,Device 877,2015,Type 18
879,Device 878,1992,Type 2
880,Device 879,1991,Type 10
881,Device 880,2005,Type 12
882,Device 881,1983,Type 2
883,Device 882,2010,Type 9
884,Device 883,2003,Type 15
885,Device 884,2010,Type 8
886,Device 885,2005,Type 15
887,Device 886,1998,Type 4
888,Device 887,2007,Type 19
889,Device 888,2009,Type 5
890,Device 889,1998,Type 5
891,Device 890,1988,Type 10
892,Device 891,1986,Type 19
893,Device 892,1989,Type 7
894,Device 893,1985,Type 2
895,Device 894,2000,Type 14
896,Device 895,2012,Type 5
897,Device 896,1991,Type 7
898,Device 897,2018,Type 9
899,Device 898,2001,Type 4
900,Device 899,2010,Type 4
901,Device 900,2007,Type 11
902,Device 901,1989,Type 17
903,Device 902,1992,Type 11
904,Device 903,1986,Type 8
905,Device 904,1996,Type 16
906,Device 905,1990,Type 6
907,Device 906,1985,Type 17
908,Device 907,1992,Type 8
909,Device 908,2003,Type 13
910,Device 909,2012,Type 11
911,Device 910,2017,Type 17
912,Device 911,1996,Type 15
913,Device 912,1991,Type 16
914,Device 913,2000,Type 4
915,Device 914,2003,Type 4
916,Device 915,1982,Type 14
917,Device 916,1993,Type 9
918,Device 917,1989,Type 3
919,Device 918,1997,Type 11
920,Device 919,1987,Type 7
921,Device 920,1997,Type 5
922,Device 921,1990,Type 5
923,Device 922,2001,Type 8
924,Device 923,1994,Type 13
925,Device 924,1998,Type 17
926,Device 925,2000,Type 1
927,Device 926,1999,Type 7
928,Device 927,1981,Type 14
929,Device 928,1985,Type 5
930,Device 929,2000,Type 9
931,Device 930,1985,Type 12
932,Device 931,2002,Type 8
933,Device 932,2002,Type 12
934,Device 933,2005,Type 14
935,Device 934,2013,Type 13
936,Device 935,2007,Type 13
937,Device 936,1999,Type 10
938,Device 937,1995,Type 18
939,Device 938,2004,Type 13
940,Device 939,1998,Type 14
941,Device 940,2010,Type 9
942,Device 941,2008,Type 18
943,Device 942,1992,Type 1
944,Device 943,2006,Type 15
945,Device 944,2002,Type 1
946,Device 945,1996,Type 13
947,Device 946,1992,Type 17
948,Device 947,2008,Type 3
949,Device 948,1987,Type 1
950,Device 949,2008,Type 17
951,Device 950,2013,Type 7
952,Device 951,2012,Type 7
953,Device 952,2005,Type 6
954,Device 953,1999,Type 18
955,Device 954,2009,Type 8
956,Device 955,1981,Type 6
957,Device 956,1982,Type 2
958,Device 957,2010,Type 15
959,Device 958,1990,Type 10
960,Device 959,1983,Type 6
961,Device 960,1997,Type 19
962,Device 961,2000,Type 13
963,Device 962,1982,Type 1
964,Device 963,1989,Type 16
965,Device 964,2007,Type 18
966,Device 965,1987,Type 9
967,Device 966,2018,Type 14
968,Device 967,1998,Type 10
969,Device 968,1985,Type 18
970,Device 969,1987,Type 15
971,Device 970,1980,Type 1
972,Device 971,1987,Type 1
973,Device 972,2013,Type 13
974,Device 973,1983,Type 4
975,Device 974,2017,Type 17
976,Device 975,1982,Type 1
977,Device 976,1986,Type 7
978,Device 977,1998,Type 12
979,Device 978,1990,Type 11
980,Device 979,1997,Type 5
981,Device 980,2000,Type 2
982,Device 981,1996,Type 3
983,Device 982,2018,Type 9
984,Device 983,2016,Type 19
985,Device 984,2010,Type 12
986,Device 985,1985,Type 1
987,Device 986,1997,Type 19
988,Device 987,2011,Type 14
989,Device 988,1998,Type 19
990,Device 989,2016,Type 11
991,Device 990,1994,Type 6
992,Device 991,2008,Type 6
993,Device 992,2009,Type 6
994,Device 993,2004,Type 13
995,Device 994,1991,Type 6
996,Device 995,2000,Type 13
997,Device 996,2012,Type 14
998,Device 997,2005,Type 2
999,Device 998,2002,Type 14
1000,Device 999,1997,Type 12
